artistName,trackName,releaseDate,collectionName
Nusrat Fateh Ali Khan & Party,Sanson Ki Mala Pey,1988-01-01T12:00:00Z,Love and Devotion
Nusrat Fateh Ali Khan,Bina Mahi,2017-03-16T12:00:00Z,Reformed
Nusrat Fateh Ali Khan,Kali Kali Zulfon Ke Phande Nah Dalo,1988-01-01T12:00:00Z,Shahen-Shah (Real World Gold)
Nusrat Fateh Ali Khan,Dulhe Ka Sehra (Male Version),2000-07-02T12:00:00Z,Dhadkan (Original Motion Picture Soundtrack)
Madhur Sharma & Nusrat Fateh Ali Khan,Kehna Galat Galat x Halka Halka Suroor (Medley),2021-12-01T12:00:00Z,Kehna Galat Galat x Halka Halka Suroor (Medley) - Single
"Rahat Fateh Ali Khan, Ustad Nusrat Fateh Ali Khan & Salim-Sulaiman",Dillagi,2016-06-08T12:00:00Z,Dillagi - Single
Nusrat Fateh Ali Khan,Dum Mast Qalander Mast Mast,1991-01-01T12:00:00Z,Nusrat - The Original King Khan
"Nusrat Fateh Ali Khan, Rahat Fateh Ali Khan & Tanishk Bagchi","Mere Rashke Qamar (From ""Baadshaho"")",2017-07-14T07:00:00Z,"Mere Rashke Qamar (From ""Baadshaho"") - Single"
"Atif Aslam, Nusrat Fateh Ali Khan & Rochak Kohli","Dekhte Dekhte (From ""Batti Gul Meter Chalu"")",2018-08-21T07:00:00Z,"Dekhte Dekhte (From ""Batti Gul Meter Chalu"") - Single"
"Rahat Fateh Ali Khan, Abhijit Vaghani, Nusrat Fateh Ali Khan & Mujahid Mubarak Ali Khan",Halka Halka,2016-12-02T12:00:00Z,Halka Halka - Single
Nusrat Fateh Ali Khan,Yeh Jo Halka Halak Saroor Hae,1988-01-01T12:00:00Z,"Best Of Shahenshah-E-Qawwal, Pt. 5"
"Jubin Nautiyal, Neeti Mohan, Rochak Kohli & Nusrat Fateh Ali Khan","Meri Zindagi Hai Tu (From ""Satyameva Jayate 2"")",2021-10-28T12:00:00Z,"Meri Zindagi Hai Tu (From ""Satyameva Jayate 2"") - Single"
"J-Statik, Singhara & ZZORAWAR",Nusrat,2024-06-03T12:00:00Z,MOKSHA: Volume One - EP
The Jamie Baum Septet +,Nusrat,2013-10-08T12:00:00Z,In This Life
NAALAYAK,Nusrat (feat. Subir Malik & Jasmine Kaur),2022-08-24T12:00:00Z,Nusrat (feat. Subir Malik & Jasmine Kaur) - Single
Eddie Vedder,The Long Road,1995-01-01T12:00:00Z,Dead Man Walking (Music from and Inspired By the Motion Picture)
Nusrat Fateh Ali Khan,Sochta Houn,2009-06-02T12:00:00Z,Reformed
Piia Kleemola,Nusrat,2014-09-26T12:00:00Z,Pirun Ja Papin Polska
Nusrat Fateh Ali Khan,Nothing Without You (feat. Tery Bina),1990-11-12T12:00:00Z,Mustt Mustt (Real World Gold)
Nusrat Fateh Ali Khan,Mere Rashke Qamar,2005-05-07T12:00:00Z,Reformed
Dhillon916,Nusrat,2025-03-28T12:00:00Z,Nusrat - Single
Nusrat Fateh Ali Khan & Rahat Fateh Ali Khan,Mere Rashke Qamar,2017-07-14T12:00:00Z,Baadshaho (Original Motion Picture Soundtrack)
Nusrat Fateh Ali Khan,Mustt Mustt,1989-11-30T12:00:00Z,Mustt Mustt (Real World Gold)
Nusrat Fateh Ali Khan,Tumhe Dil Lagi Bhool Jani Padegi,1990-01-01T12:00:00Z,Dillagi Vol 8
Nusrat Fateh Ali Khan,Mere Rashke Qamar (Complete Original Version),1988-01-01T12:00:00Z,Mere Rashke Qamar (Complete Original Version) - EP
Asad Khan,Nusrat,2022-03-20T12:00:00Z,Nusrat - Single
Partners In Rhyme,Tere Bin Nahin Lagda (feat. Nusrat Fateh Ali Khan),2001-01-01T12:00:00Z,Timeless
Dan Weiss,Nusrat,2026-03-20T12:00:00Z,Even Odds
A.R. Rahman & Nusrat Fateh Ali Khan,Gurus of Peace,1997-08-12T07:00:00Z,Vande Mataram
Flowers Must Die,Nusrat,2015-07-01T12:00:00Z,Montana / Nusrat Ep
Nusrat Fateh Ali Khan,Jhoole Jhoole Lal (Tabla Mix),1991-01-01T12:00:00Z,"Magic Touch, Vol. 12"
"Rochak Kohli, Jubin Nautiyal, Nusrat Fateh Ali Khan, Manoj Muntashir & Purnam Allahabadi","Tumhe Dillagi (From ""Raid 2"")",2025-04-18T12:00:00Z,"Tumhe Dillagi (From ""Raid 2"") - Single"
Nusrat Fateh Ali Khan,Kinna Sohna Tainu,1993-01-01T12:00:00Z,The Best of Nusrat Fateh Ali Khan
"Nusrat Fateh Ali Khan, Rahat Fateh Ali Khan & Dj Chetas",Mere Rashke Qamar (Remix),2017-08-19T12:00:00Z,Baadshaho (Original Motion Picture Soundtrack)
Ole Theill,Nusrat,2002-01-01T12:00:00Z,Change Your Mind
Thomas Carbou,"Nusrat (feat. Dave Liebman, Thomas Morgan & Dan Weiss)",2006-05-16T12:00:00Z,"4 More (feat. Dave Liebman, Thomas Morgan & Dan Weiss)"
Nusrat Fateh Ali Khan,Sochta Houn (feat. A1Melodymaster),2009-06-02T12:00:00Z,Sochta Hoon (feat. A1Melodymaster) - Single
Nusrat Fateh Ali Khan,Fasle Gul,2010-06-10T12:00:00Z,Reformed
Nusrat Fateh Ali Khan & Michael Brook,"My Heart, My Life",1995-01-01T12:00:00Z,Night Song (Real World Gold)
Nusrat Fateh Ali Khan,Hanju Akhiyan De Vichre,2010-06-10T12:00:00Z,Reformed
Nusrat Fateh Ali Khan,The Face of Love,1995-01-01T12:00:00Z,Dead Man Walking (Music from and Inspired By the Motion Picture)
Nusrat Fateh Ali Khan & Michael Brook,Longing,1995-01-01T12:00:00Z,Night Song (Real World Gold)
Nusrat Fateh Ali Khan,Tu Mera Dil,1997-05-20T12:00:00Z,"The Sufi Legacy - Nusrat Fateh Ali Khan, Rahat Fateh Ali Khan, Wadali Brothers"
Nusrat Fateh Ali Khan,The Game,1989-11-30T12:00:00Z,Mustt Mustt (Real World Gold)
"Asim Azhar, Jani & Nusrat Fateh Ali Khan",tere bin nahi lagda,2025-10-09T12:00:00Z,tere bin nahi lagda - Single
"Nusrat Fateh Ali Khan, Alanis Morissette, Devin Provenzano, Lawrence Schwartz, Linda Ronstadt, Liz Constantine, Martin Tillmann, Ofra Haza, Richard Bona, Salif Keïta, The American Boychoir, English Chamber Orchestra, English Chamber Chorus & Yungchen Lhamo",The Prayer Cycle - A Choral Symphony in 9 Movements: III. Hope,1999-03-23T12:00:00Z,The Prayer Cycle
Nusrat Fateh Ali Khan,Aankh Uthi Mohabbat Ne,2017-03-16T12:00:00Z,Reformed
Peter Gabriel,Signal to Noise (feat. Nusrat Fateh Ali Khan) [Live],2019-01-25T12:00:00Z,Growing Up Live
Nusrat Fateh Ali Khan & Michael Brook,Lament,1995-01-01T12:00:00Z,Night Song (Real World Gold)
"Nusrat Fateh Ali Khan, Alanis Morissette, Lawrence Schwartz, Linda Ronstadt, Liz Constantine, Martin Tillmann, Ofra Haza, Richard Bona, Salif Keïta, The American Boychoir, English Chamber Chorus, English Chamber Orchestra & Yungchen Lhamo",The Prayer Cycle - A Choral Symphony in 9 Movements: I. Mercy,1999-03-23T12:00:00Z,The Prayer Cycle
